district,Num_Psns_UR_1_FamHhold,Num_Psns_UR_1_NonFamHhold,Num_Psns_UR_1_Total,Num_Psns_UR_2_FamHhold,Num_Psns_UR_2_NonFamHhold,Num_Psns_UR_2_Total,Num_Psns_UR_3_FamHhold,Num_Psns_UR_3_NonFamHhold,Num_Psns_UR_3_Total,Num_Psns_UR_4_FamHhold,Num_Psns_UR_4_NonFamHhold,Num_Psns_UR_4_Total,Num_Psns_UR_5_FamHhold,Num_Psns_UR_5_NonFamHhold,Num_Psns_UR_5_Total,Num_Psns_UR_6mo_FamHhold,Num_Psns_UR_6mo_NonFamHhold,Num_Psns_UR_6mo_Total,Total_FamHhold,Total_NonFamHhold,Total_Total,Total_Total_total
Albert Park,Null,14898.0,14898.0,11229.0,2005.0,13215.0,3480.0,442.0,3975.0,2496.0,99.0,2606.0,626.0,3.0,652.0,95.0,3.0,88.0,17958.0,17480.0,35474.0,35474.0
Ashwood,Null,6036.0,6036.0,8071.0,539.0,8648.0,4941.0,311.0,5319.0,5822.0,192.0,6085.0,1844.0,33.0,1908.0,573.0,7.0,631.0,21353.0,7340.0,28775.0,28775.0
Bass,Null,6715.0,6715.0,8920.0,503.0,9389.0,3339.0,35.0,3399.0,3267.0,3.0,3289.0,1473.0,0.0,1477.0,598.0,0.0,599.0,17663.0,7344.0,25014.0,25014.0
Bayswater,Null,6637.0,6637.0,8395.0,622.0,9098.0,4806.0,71.0,4927.0,4445.0,20.0,4500.0,1558.0,8.0,1583.0,640.0,0.0,648.0,19948.0,7476.0,27396.0,27396.0
Bellarine,Null,6788.0,6788.0,10408.0,413.0,10861.0,3520.0,20.0,3565.0,3733.0,4.0,3751.0,1523.0,0.0,1533.0,382.0,0.0,391.0,19598.0,7408.0,26978.0,26978.0
Benambra,Null,7014.0,7014.0,8787.0,461.0,9278.0,3502.0,44.0,3587.0,3387.0,3.0,3398.0,1474.0,0.0,1465.0,607.0,0.0,607.0,17756.0,7640.0,25400.0,25400.0
Bendigo East,Null,7217.0,7217.0,8736.0,621.0,9421.0,3829.0,114.0,3999.0,3794.0,23.0,3826.0,1704.0,0.0,1720.0,738.0,0.0,757.0,18897.0,8069.0,26985.0,26985.0
Bendigo West,Null,8100.0,8100.0,8309.0,639.0,9018.0,3477.0,72.0,3584.0,2972.0,3.0,2986.0,1157.0,0.0,1175.0,551.0,0.0,558.0,16455.0,8970.0,25431.0,25431.0
Bentleigh,Null,6698.0,6698.0,8034.0,511.0,8562.0,4951.0,64.0,5109.0,5795.0,26.0,5874.0,1774.0,9.0,1779.0,388.0,0.0,400.0,20924.0,7497.0,28370.0,28370.0
Berwick,Null,3589.0,3589.0,6379.0,286.0,6697.0,4817.0,31.0,4885.0,6451.0,3.0,6480.0,2617.0,0.0,2640.0,1208.0,0.0,1216.0,21396.0,4052.0,25410.0,25410.0
Box Hill,Null,8670.0,8670.0,9176.0,1083.0,10294.0,5019.0,351.0,5455.0,5189.0,192.0,5462.0,1766.0,34.0,1797.0,528.0,25.0,608.0,21709.0,10492.0,32279.0,32279.0
Brighton,Null,7959.0,7959.0,7881.0,617.0,8508.0,3661.0,99.0,3764.0,4124.0,21.0,4151.0,1438.0,5.0,1458.0,239.0,0.0,245.0,17345.0,8831.0,26133.0,26133.0
Broadmeadows,Null,6932.0,6932.0,7226.0,610.0,7900.0,4292.0,218.0,4544.0,4078.0,130.0,4193.0,2074.0,43.0,2183.0,1555.0,7.0,1570.0,19187.0,8172.0,27312.0,27312.0
Brunswick,Null,10348.0,10348.0,8938.0,1858.0,10780.0,3310.0,1296.0,4547.0,2818.0,596.0,3387.0,710.0,110.0,834.0,106.0,6.0,141.0,15838.0,14273.0,30195.0,30195.0
Bulleen,Null,5911.0,5911.0,8865.0,381.0,9237.0,4933.0,78.0,5058.0,4752.0,30.0,4830.0,1676.0,10.0,1720.0,636.0,0.0,669.0,20858.0,6535.0,27380.0,27380.0
Bundoora,Null,5932.0,5932.0,7699.0,551.0,8285.0,4199.0,220.0,4461.0,4553.0,113.0,4661.0,1477.0,41.0,1575.0,577.0,3.0,628.0,18537.0,6998.0,25517.0,25517.0
Carrum,Null,6726.0,6726.0,7871.0,568.0,8423.0,4825.0,72.0,4932.0,4844.0,0.0,4870.0,1722.0,0.0,1736.0,646.0,0.0,645.0,19955.0,7462.0,27429.0,27429.0
Caulfield,Null,9519.0,9519.0,8688.0,1304.0,9946.0,3648.0,348.0,4048.0,3482.0,107.0,3634.0,1317.0,20.0,1370.0,560.0,8.0,599.0,17698.0,11449.0,29317.0,29317.0
Clarinda,Null,5243.0,5243.0,6979.0,495.0,7499.0,4644.0,157.0,4864.0,4612.0,91.0,4719.0,1912.0,27.0,1973.0,1024.0,7.0,1057.0,19176.0,6229.0,25372.0,25372.0
Cranbourne,Null,4557.0,4557.0,6648.0,479.0,7130.0,5100.0,77.0,5218.0,5884.0,15.0,5930.0,2556.0,0.0,2585.0,1707.0,0.0,1722.0,21960.0,5252.0,27260.0,27260.0
Croydon,Null,7339.0,7339.0,8787.0,527.0,9289.0,4583.0,56.0,4689.0,4582.0,3.0,4627.0,1649.0,5.0,1668.0,667.0,0.0,676.0,20294.0,8023.0,28355.0,28355.0
Dandenong,Null,7263.0,7263.0,7409.0,868.0,8278.0,4956.0,393.0,5453.0,4308.0,161.0,4528.0,2205.0,58.0,2294.0,1889.0,12.0,1949.0,20774.0,8954.0,29731.0,29731.0
Eildon,Null,6330.0,6330.0,8644.0,450.0,9117.0,3317.0,25.0,3367.0,3375.0,7.0,3381.0,1543.0,0.0,1541.0,659.0,6.0,666.0,17503.0,6941.0,24502.0,24502.0
Eltham,Null,4105.0,4105.0,7292.0,160.0,7506.0,4090.0,3.0,4109.0,5022.0,0.0,5040.0,1836.0,0.0,1839.0,482.0,0.0,490.0,18801.0,4350.0,23126.0,23126.0
Essendon,Null,9393.0,9393.0,8119.0,957.0,9100.0,3820.0,288.0,4172.0,3980.0,82.0,4109.0,1432.0,7.0,1466.0,358.0,0.0,378.0,17758.0,10863.0,28589.0,28589.0
Eureka,Null,7085.0,7085.0,8897.0,566.0,9516.0,4034.0,94.0,4152.0,4155.0,28.0,4199.0,1867.0,8.0,1909.0,688.0,0.0,692.0,19785.0,7927.0,27658.0,27658.0
Euroa,Null,7859.0,7859.0,9500.0,555.0,10001.0,3298.0,36.0,3316.0,2826.0,0.0,2841.0,1308.0,0.0,1316.0,573.0,5.0,586.0,17523.0,8549.0,26067.0,26067.0
Evelyn,Null,4623.0,4623.0,7592.0,325.0,7904.0,4086.0,16.0,4141.0,4697.0,3.0,4715.0,1901.0,0.0,1908.0,820.0,3.0,827.0,19072.0,5024.0,24141.0,24141.0
Footscray,Null,8787.0,8787.0,8504.0,1340.0,9809.0,4233.0,519.0,4855.0,3940.0,121.0,4098.0,1108.0,26.0,1177.0,389.0,12.0,408.0,18153.0,11019.0,29149.0,29149.0
Frankston,Null,8765.0,8765.0,8170.0,750.0,8887.0,4067.0,87.0,4177.0,3521.0,11.0,3542.0,1258.0,0.0,1262.0,476.0,0.0,485.0,17536.0,9754.0,27190.0,27190.0
Geelong,Null,9459.0,9459.0,8740.0,792.0,9635.0,3847.0,258.0,4104.0,3626.0,89.0,3723.0,1498.0,7.0,1530.0,429.0,0.0,462.0,18332.0,10773.0,29086.0,29086.0
Gippsland East,Null,7870.0,7870.0,9806.0,435.0,10359.0,2889.0,42.0,2939.0,2608.0,9.0,2632.0,1257.0,0.0,1260.0,487.0,0.0,509.0,17122.0,8422.0,25531.0,25531.0
Gippsland South,Null,7746.0,7746.0,9312.0,449.0,9853.0,3139.0,23.0,3208.0,2786.0,0.0,2783.0,1466.0,0.0,1476.0,607.0,0.0,603.0,17272.0,8305.0,25560.0,25560.0
Glen Waverley,Null,5314.0,5314.0,8265.0,366.0,8614.0,5059.0,159.0,5273.0,6080.0,60.0,6223.0,2041.0,21.0,2094.0,848.0,12.0,910.0,22226.0,6132.0,28305.0,28305.0
Greenvale,Null,2841.0,2841.0,5115.0,217.0,5419.0,4145.0,34.0,4241.0,4914.0,11.0,4968.0,2685.0,0.0,2696.0,2089.0,0.0,2100.0,18984.0,3246.0,22184.0,22184.0
Hastings,Null,6123.0,6123.0,7825.0,368.0,8261.0,3831.0,7.0,3868.0,3958.0,0.0,3961.0,1599.0,0.0,1605.0,637.0,0.0,640.0,17877.0,6555.0,24451.0,24451.0
Hawthorn,Null,8680.0,8680.0,8507.0,1040.0,9554.0,3488.0,284.0,3776.0,4161.0,61.0,4263.0,1517.0,11.0,1579.0,352.0,8.0,379.0,17947.0,10251.0,28173.0,28173.0
Ivanhoe,Null,6871.0,6871.0,7587.0,578.0,8192.0,3894.0,159.0,4129.0,4200.0,59.0,4268.0,1354.0,8.0,1360.0,416.0,0.0,429.0,17486.0,7784.0,25313.0,25313.0
Kalkallo,Null,3645.0,3645.0,5999.0,389.0,6432.0,5714.0,50.0,5848.0,6799.0,26.0,6826.0,3142.0,4.0,3167.0,2138.0,4.0,2143.0,23848.0,4228.0,28102.0,28102.0
Kew,Null,5999.0,5999.0,7581.0,421.0,8094.0,4397.0,145.0,4550.0,5149.0,48.0,5202.0,1930.0,17.0,1962.0,619.0,0.0,646.0,19652.0,6860.0,26541.0,26541.0
Kororoit,Null,3960.0,3960.0,5868.0,324.0,6272.0,4974.0,70.0,5088.0,5945.0,31.0,6023.0,2635.0,0.0,2693.0,1816.0,0.0,1838.0,21175.0,4625.0,25780.0,25780.0
Lara,Null,7525.0,7525.0,7812.0,636.0,8498.0,4160.0,122.0,4331.0,3495.0,29.0,3553.0,1489.0,4.0,1515.0,812.0,0.0,799.0,17680.0,8394.0,26160.0,26160.0
Laverton,Null,5713.0,5713.0,6871.0,865.0,7750.0,5819.0,327.0,6133.0,5520.0,210.0,5824.0,2394.0,70.0,2513.0,1787.0,52.0,1879.0,22303.0,7442.0,29743.0,29743.0
Lowan,Null,9314.0,9314.0,9691.0,500.0,10323.0,3336.0,36.0,3402.0,2794.0,4.0,2823.0,1427.0,0.0,1438.0,530.0,0.0,536.0,17905.0,10009.0,27932.0,27932.0
Macedon,Null,5241.0,5241.0,8214.0,344.0,8612.0,3342.0,13.0,3403.0,3883.0,0.0,3886.0,1581.0,3.0,1597.0,557.0,0.0,565.0,17650.0,5675.0,23340.0,23340.0
Malvern,Null,8522.0,8522.0,8022.0,890.0,8907.0,3185.0,277.0,3491.0,3503.0,65.0,3582.0,1330.0,12.0,1369.0,224.0,4.0,231.0,16369.0,9929.0,26293.0,26293.0
Melbourne,Null,23638.0,23638.0,15665.0,5554.0,21168.0,4392.0,1555.0,5947.0,2274.0,564.0,2867.0,451.0,126.0,627.0,203.0,38.0,267.0,23045.0,31696.0,54747.0,54747.0
Melton,Null,5393.0,5393.0,6906.0,499.0,7486.0,4872.0,47.0,4941.0,4772.0,0.0,4783.0,2345.0,0.0,2355.0,1706.0,0.0,1716.0,20616.0,6045.0,26659.0,26659.0
Mildura,Null,7620.0,7620.0,8577.0,581.0,9117.0,3413.0,109.0,3526.0,3080.0,36.0,3135.0,1567.0,7.0,1596.0,840.0,22.0,905.0,17436.0,8577.0,25968.0,25968.0
Mill Park,Null,3970.0,3970.0,6007.0,348.0,6443.0,4359.0,47.0,4445.0,4870.0,14.0,4907.0,1950.0,0.0,1968.0,891.0,4.0,905.0,18183.0,4503.0,22722.0,22722.0
Monbulk,Null,4679.0,4679.0,7451.0,362.0,7874.0,3930.0,30.0,4028.0,4430.0,0.0,4460.0,1688.0,0.0,1693.0,623.0,0.0,629.0,18096.0,5214.0,23309.0,23309.0
Mordialloc,Null,6092.0,6092.0,7224.0,355.0,7610.0,4416.0,38.0,4499.0,5364.0,3.0,5388.0,1891.0,0.0,1920.0,575.0,0.0,574.0,19512.0,6635.0,26084.0,26084.0
Mornington,Null,5917.0,5917.0,8229.0,226.0,8520.0,3350.0,18.0,3383.0,4142.0,0.0,4165.0,1688.0,0.0,1689.0,444.0,0.0,444.0,17922.0,6224.0,24138.0,24138.0
Morwell,Null,9341.0,9341.0,9215.0,682.0,9911.0,3779.0,15.0,3841.0,3402.0,0.0,3421.0,1364.0,0.0,1372.0,634.0,0.0,653.0,18431.0,10065.0,28561.0,28561.0
Mulgrave,Null,5870.0,5870.0,7334.0,612.0,8009.0,4619.0,197.0,4908.0,4438.0,112.0,4630.0,1846.0,55.0,1915.0,1129.0,18.0,1180.0,19440.0,7086.0,26512.0,26512.0
Murray Plains,Null,7474.0,7474.0,8914.0,483.0,9465.0,3130.0,39.0,3236.0,2805.0,6.0,2811.0,1471.0,0.0,1468.0,672.0,0.0,670.0,16971.0,8136.0,25102.0,25102.0
Narracan,Null,6168.0,6168.0,8663.0,334.0,9109.0,3549.0,6.0,3586.0,3541.0,3.0,3574.0,1680.0,9.0,1688.0,814.0,0.0,809.0,18269.0,6616.0,24893.0,24893.0
Narre Warren North,Null,4422.0,4422.0,7201.0,412.0,7689.0,4765.0,57.0,4869.0,4872.0,32.0,4911.0,2171.0,3.0,2187.0,1438.0,0.0,1444.0,20401.0,5142.0,25583.0,25583.0
Narre Warren South,Null,3361.0,3361.0,5718.0,343.0,6051.0,5136.0,62.0,5257.0,6097.0,17.0,6160.0,2919.0,0.0,2939.0,2337.0,0.0,2341.0,22239.0,3956.0,26214.0,26214.0
Nepean,Null,7734.0,7734.0,9769.0,469.0,10260.0,2968.0,31.0,3034.0,2612.0,4.0,2635.0,989.0,0.0,998.0,324.0,0.0,327.0,16748.0,8289.0,25098.0,25098.0
Niddrie,Null,5845.0,5845.0,7829.0,418.0,8170.0,4359.0,26.0,4466.0,4745.0,3.0,4771.0,1620.0,0.0,1638.0,522.0,0.0,534.0,19111.0,6326.0,25477.0,25477.0
Northcote,Null,8919.0,8919.0,7772.0,1114.0,8852.0,3749.0,662.0,4445.0,3837.0,215.0,4171.0,1075.0,33.0,1130.0,230.0,0.0,249.0,16672.0,11070.0,27780.0,27780.0
Oakleigh,Null,9516.0,9516.0,9654.0,1475.0,11124.0,5227.0,642.0,5935.0,4898.0,369.0,5340.0,1474.0,129.0,1609.0,482.0,77.0,571.0,21681.0,12469.0,34198.0,34198.0
Ovens Valley,Null,7497.0,7497.0,9249.0,446.0,9681.0,2856.0,28.0,2924.0,2743.0,7.0,2753.0,1386.0,0.0,1400.0,522.0,5.0,535.0,16827.0,8079.0,24857.0,24857.0
Pakenham,Null,5172.0,5172.0,7081.0,487.0,7652.0,4604.0,42.0,4708.0,4931.0,14.0,4980.0,2100.0,0.0,2105.0,1275.0,0.0,1281.0,20012.0,5891.0,25841.0,25841.0
Pascoe Vale,Null,7420.0,7420.0,7639.0,988.0,8704.0,4108.0,489.0,4629.0,4312.0,173.0,4487.0,1181.0,38.0,1240.0,388.0,5.0,406.0,17636.0,9224.0,26910.0,26910.0
Point Cook,Null,4722.0,4722.0,7177.0,520.0,7684.0,6312.0,91.0,6482.0,7274.0,30.0,7377.0,2421.0,17.0,2466.0,1204.0,3.0,1199.0,24390.0,5494.0,29916.0,29916.0
Polwarth,Null,7086.0,7086.0,9094.0,557.0,9691.0,3331.0,79.0,3498.0,3663.0,38.0,3715.0,1685.0,7.0,1697.0,568.0,4.0,572.0,18449.0,7834.0,26271.0,26271.0
Prahran,Null,17698.0,17698.0,11545.0,2429.0,14025.0,2781.0,699.0,3478.0,1544.0,112.0,1672.0,321.0,5.0,352.0,72.0,5.0,71.0,16325.0,21091.0,37345.0,37345.0
Preston,Null,8820.0,8820.0,8502.0,1170.0,9606.0,4370.0,392.0,4769.0,3915.0,151.0,4058.0,1275.0,21.0,1341.0,613.0,15.0,637.0,18713.0,10659.0,29346.0,29346.0
Richmond,Null,11911.0,11911.0,9757.0,2009.0,11736.0,3040.0,1114.0,4137.0,2095.0,344.0,2441.0,559.0,26.0,622.0,165.0,6.0,179.0,15611.0,15446.0,31081.0,31081.0
Ringwood,Null,8118.0,8118.0,8718.0,738.0,9518.0,5002.0,127.0,5190.0,5127.0,42.0,5200.0,1835.0,7.0,1877.0,582.0,4.0,585.0,21231.0,9162.0,30367.0,30367.0
Ripon,Null,7941.0,7941.0,9291.0,474.0,9814.0,3233.0,16.0,3308.0,3220.0,6.0,3241.0,1495.0,3.0,1498.0,693.0,6.0,699.0,17967.0,8630.0,26559.0,26559.0
Rowville,Null,4071.0,4071.0,7088.0,280.0,7400.0,4723.0,31.0,4775.0,5390.0,4.0,5422.0,1944.0,0.0,1954.0,727.0,0.0,726.0,19863.0,4487.0,24388.0,24388.0
Sandringham,Null,7038.0,7038.0,7923.0,355.0,8269.0,3548.0,33.0,3613.0,4176.0,9.0,4193.0,1452.0,0.0,1447.0,233.0,0.0,233.0,17359.0,7506.0,24859.0,24859.0
Shepparton,Null,7816.0,7816.0,8663.0,567.0,9247.0,3746.0,124.0,3880.0,3620.0,12.0,3662.0,1700.0,7.0,1729.0,985.0,11.0,1023.0,18669.0,8659.0,27320.0,27320.0
South Barwon,Null,5857.0,5857.0,8077.0,565.0,8671.0,4038.0,251.0,4334.0,4495.0,144.0,4740.0,1690.0,55.0,1767.0,572.0,21.0,624.0,19007.0,7050.0,26029.0,26029.0
South-West Coast,Null,7927.0,7927.0,9611.0,559.0,10105.0,3594.0,82.0,3699.0,3342.0,23.0,3380.0,1507.0,4.0,1520.0,540.0,0.0,552.0,18623.0,8697.0,27297.0,27297.0
St Albans,Null,5047.0,5047.0,6218.0,522.0,6709.0,4145.0,207.0,4419.0,4022.0,94.0,4187.0,1879.0,34.0,1947.0,1550.0,0.0,1566.0,17865.0,6101.0,23972.0,23972.0
Sunbury,Null,5430.0,5430.0,7266.0,411.0,7725.0,4095.0,32.0,4166.0,3897.0,5.0,3916.0,1548.0,0.0,1560.0,586.0,0.0,595.0,17379.0,5912.0,23342.0,23342.0
Sydenham,Null,3316.0,3316.0,5565.0,210.0,5846.0,4764.0,16.0,4779.0,6112.0,7.0,6111.0,2562.0,0.0,2578.0,1200.0,0.0,1196.0,20248.0,3648.0,23912.0,23912.0
Tarneit,Null,4201.0,4201.0,6224.0,451.0,6718.0,5669.0,118.0,5858.0,6380.0,66.0,6501.0,2646.0,20.0,2720.0,2070.0,7.0,2091.0,22941.0,5037.0,28016.0,28016.0
Thomastown,Null,5064.0,5064.0,6748.0,402.0,7242.0,4707.0,126.0,4890.0,4867.0,38.0,4949.0,2216.0,14.0,2242.0,1376.0,12.0,1418.0,20000.0,5781.0,25777.0,25777.0
Warrandyte,Null,4270.0,4270.0,7583.0,215.0,7817.0,4459.0,31.0,4520.0,5526.0,7.0,5538.0,2102.0,0.0,2125.0,738.0,0.0,738.0,20368.0,4660.0,25092.0,25092.0
Wendouree,Null,9045.0,9045.0,8566.0,777.0,9351.0,3764.0,164.0,3925.0,3290.0,28.0,3336.0,1412.0,0.0,1418.0,481.0,4.0,491.0,17542.0,10070.0,27646.0,27646.0
Werribee,Null,5741.0,5741.0,7365.0,664.0,8032.0,5578.0,73.0,5711.0,5265.0,27.0,5304.0,2094.0,0.0,2113.0,1314.0,0.0,1322.0,21598.0,6610.0,28184.0,28184.0
Williamstown,Null,6790.0,6790.0,7663.0,518.0,8260.0,4022.0,67.0,4102.0,4279.0,15.0,4335.0,1354.0,0.0,1372.0,416.0,0.0,430.0,17770.0,7413.0,25272.0,25272.0
Yan Yean,Null,3490.0,3490.0,6097.0,252.0,6375.0,4486.0,0.0,4505.0,5521.0,0.0,5535.0,2385.0,0.0,2395.0,964.0,0.0,972.0,19398.0,3868.0,23336.0,23336.0
