district,Num_Psns_UR_1_FamHhold,Num_Psns_UR_1_FamHhold_pc,Num_Psns_UR_1_NonFamHhold,Num_Psns_UR_1_NonFamHhold_pc,Num_Psns_UR_1_Total,Num_Psns_UR_1_Total_pc,Num_Psns_UR_2_FamHhold,Num_Psns_UR_2_FamHhold_pc,Num_Psns_UR_2_NonFamHhold,Num_Psns_UR_2_NonFamHhold_pc,Num_Psns_UR_2_Total,Num_Psns_UR_2_Total_pc,Num_Psns_UR_3_FamHhold,Num_Psns_UR_3_FamHhold_pc,Num_Psns_UR_3_NonFamHhold,Num_Psns_UR_3_NonFamHhold_pc,Num_Psns_UR_3_Total,Num_Psns_UR_3_Total_pc,Num_Psns_UR_4_FamHhold,Num_Psns_UR_4_FamHhold_pc,Num_Psns_UR_4_NonFamHhold,Num_Psns_UR_4_NonFamHhold_pc,Num_Psns_UR_4_Total,Num_Psns_UR_4_Total_pc,Num_Psns_UR_5_FamHhold,Num_Psns_UR_5_FamHhold_pc,Num_Psns_UR_5_NonFamHhold,Num_Psns_UR_5_NonFamHhold_pc,Num_Psns_UR_5_Total,Num_Psns_UR_5_Total_pc,Num_Psns_UR_6mo_FamHhold,Num_Psns_UR_6mo_FamHhold_pc,Num_Psns_UR_6mo_NonFamHhold,Num_Psns_UR_6mo_NonFamHhold_pc,Num_Psns_UR_6mo_Total,Num_Psns_UR_6mo_Total_pc,Total_FamHhold,Total_FamHhold_pc,Total_NonFamHhold,Total_NonFamHhold_pc,Total_Total,Total_Total_pc,Total_Total_total
Albert Park,Null,Null,14898.0,0.42,14898.0,0.42,11229.0,0.3165,2005.0,0.0565,13215.0,0.3725,3480.0,0.0981,442.0,0.0125,3975.0,0.1121,2496.0,0.0704,99.0,0.0028,2606.0,0.0735,626.0,0.0176,3.0,0.0001,652.0,0.0184,95.0,0.0027,3.0,0.0001,88.0,0.0025,17958.0,0.5062,17480.0,0.4928,35474.0,1.0,35474.0
Ashwood,Null,Null,6036.0,0.2098,6036.0,0.2098,8071.0,0.2805,539.0,0.0187,8648.0,0.3005,4941.0,0.1717,311.0,0.0108,5319.0,0.1848,5822.0,0.2023,192.0,0.0067,6085.0,0.2115,1844.0,0.0641,33.0,0.0011,1908.0,0.0663,573.0,0.0199,7.0,0.0002,631.0,0.0219,21353.0,0.7421,7340.0,0.2551,28775.0,1.0,28775.0
Bass,Null,Null,6715.0,0.2684,6715.0,0.2684,8920.0,0.3566,503.0,0.0201,9389.0,0.3753,3339.0,0.1335,35.0,0.0014,3399.0,0.1359,3267.0,0.1306,3.0,0.0001,3289.0,0.1315,1473.0,0.0589,0.0,0.0,1477.0,0.059,598.0,0.0239,0.0,0.0,599.0,0.0239,17663.0,0.7061,7344.0,0.2936,25014.0,1.0,25014.0
Bayswater,Null,Null,6637.0,0.2423,6637.0,0.2423,8395.0,0.3064,622.0,0.0227,9098.0,0.3321,4806.0,0.1754,71.0,0.0026,4927.0,0.1798,4445.0,0.1622,20.0,0.0007,4500.0,0.1643,1558.0,0.0569,8.0,0.0003,1583.0,0.0578,640.0,0.0234,0.0,0.0,648.0,0.0237,19948.0,0.7281,7476.0,0.2729,27396.0,1.0,27396.0
Bellarine,Null,Null,6788.0,0.2516,6788.0,0.2516,10408.0,0.3858,413.0,0.0153,10861.0,0.4026,3520.0,0.1305,20.0,0.0007,3565.0,0.1321,3733.0,0.1384,4.0,0.0001,3751.0,0.139,1523.0,0.0565,0.0,0.0,1533.0,0.0568,382.0,0.0142,0.0,0.0,391.0,0.0145,19598.0,0.7264,7408.0,0.2746,26978.0,1.0,26978.0
Benambra,Null,Null,7014.0,0.2761,7014.0,0.2761,8787.0,0.3459,461.0,0.0181,9278.0,0.3653,3502.0,0.1379,44.0,0.0017,3587.0,0.1412,3387.0,0.1333,3.0,0.0001,3398.0,0.1338,1474.0,0.058,0.0,0.0,1465.0,0.0577,607.0,0.0239,0.0,0.0,607.0,0.0239,17756.0,0.6991,7640.0,0.3008,25400.0,1.0,25400.0
Bendigo East,Null,Null,7217.0,0.2674,7217.0,0.2674,8736.0,0.3237,621.0,0.023,9421.0,0.3491,3829.0,0.1419,114.0,0.0042,3999.0,0.1482,3794.0,0.1406,23.0,0.0009,3826.0,0.1418,1704.0,0.0631,0.0,0.0,1720.0,0.0637,738.0,0.0273,0.0,0.0,757.0,0.0281,18897.0,0.7003,8069.0,0.299,26985.0,1.0,26985.0
Bendigo West,Null,Null,8100.0,0.3185,8100.0,0.3185,8309.0,0.3267,639.0,0.0251,9018.0,0.3546,3477.0,0.1367,72.0,0.0028,3584.0,0.1409,2972.0,0.1169,3.0,0.0001,2986.0,0.1174,1157.0,0.0455,0.0,0.0,1175.0,0.0462,551.0,0.0217,0.0,0.0,558.0,0.0219,16455.0,0.647,8970.0,0.3527,25431.0,1.0,25431.0
Bentleigh,Null,Null,6698.0,0.2361,6698.0,0.2361,8034.0,0.2832,511.0,0.018,8562.0,0.3018,4951.0,0.1745,64.0,0.0023,5109.0,0.1801,5795.0,0.2043,26.0,0.0009,5874.0,0.207,1774.0,0.0625,9.0,0.0003,1779.0,0.0627,388.0,0.0137,0.0,0.0,400.0,0.0141,20924.0,0.7375,7497.0,0.2643,28370.0,1.0,28370.0
Berwick,Null,Null,3589.0,0.1412,3589.0,0.1412,6379.0,0.251,286.0,0.0113,6697.0,0.2636,4817.0,0.1896,31.0,0.0012,4885.0,0.1922,6451.0,0.2539,3.0,0.0001,6480.0,0.255,2617.0,0.103,0.0,0.0,2640.0,0.1039,1208.0,0.0475,0.0,0.0,1216.0,0.0479,21396.0,0.842,4052.0,0.1595,25410.0,1.0,25410.0
Box Hill,Null,Null,8670.0,0.2686,8670.0,0.2686,9176.0,0.2843,1083.0,0.0336,10294.0,0.3189,5019.0,0.1555,351.0,0.0109,5455.0,0.169,5189.0,0.1608,192.0,0.0059,5462.0,0.1692,1766.0,0.0547,34.0,0.0011,1797.0,0.0557,528.0,0.0164,25.0,0.0008,608.0,0.0188,21709.0,0.6725,10492.0,0.325,32279.0,1.0,32279.0
Brighton,Null,Null,7959.0,0.3046,7959.0,0.3046,7881.0,0.3016,617.0,0.0236,8508.0,0.3256,3661.0,0.1401,99.0,0.0038,3764.0,0.144,4124.0,0.1578,21.0,0.0008,4151.0,0.1588,1438.0,0.055,5.0,0.0002,1458.0,0.0558,239.0,0.0091,0.0,0.0,245.0,0.0094,17345.0,0.6637,8831.0,0.3379,26133.0,1.0,26133.0
Broadmeadows,Null,Null,6932.0,0.2538,6932.0,0.2538,7226.0,0.2646,610.0,0.0223,7900.0,0.2893,4292.0,0.1571,218.0,0.008,4544.0,0.1664,4078.0,0.1493,130.0,0.0048,4193.0,0.1535,2074.0,0.0759,43.0,0.0016,2183.0,0.0799,1555.0,0.0569,7.0,0.0003,1570.0,0.0575,19187.0,0.7025,8172.0,0.2992,27312.0,1.0,27312.0
Brunswick,Null,Null,10348.0,0.3427,10348.0,0.3427,8938.0,0.296,1858.0,0.0615,10780.0,0.357,3310.0,0.1096,1296.0,0.0429,4547.0,0.1506,2818.0,0.0933,596.0,0.0197,3387.0,0.1122,710.0,0.0235,110.0,0.0036,834.0,0.0276,106.0,0.0035,6.0,0.0002,141.0,0.0047,15838.0,0.5245,14273.0,0.4727,30195.0,1.0,30195.0
Bulleen,Null,Null,5911.0,0.2159,5911.0,0.2159,8865.0,0.3238,381.0,0.0139,9237.0,0.3374,4933.0,0.1802,78.0,0.0028,5058.0,0.1847,4752.0,0.1736,30.0,0.0011,4830.0,0.1764,1676.0,0.0612,10.0,0.0004,1720.0,0.0628,636.0,0.0232,0.0,0.0,669.0,0.0244,20858.0,0.7618,6535.0,0.2387,27380.0,1.0,27380.0
Bundoora,Null,Null,5932.0,0.2325,5932.0,0.2325,7699.0,0.3017,551.0,0.0216,8285.0,0.3247,4199.0,0.1646,220.0,0.0086,4461.0,0.1748,4553.0,0.1784,113.0,0.0044,4661.0,0.1827,1477.0,0.0579,41.0,0.0016,1575.0,0.0617,577.0,0.0226,3.0,0.0001,628.0,0.0246,18537.0,0.7265,6998.0,0.2742,25517.0,1.0,25517.0
Carrum,Null,Null,6726.0,0.2452,6726.0,0.2452,7871.0,0.287,568.0,0.0207,8423.0,0.3071,4825.0,0.1759,72.0,0.0026,4932.0,0.1798,4844.0,0.1766,0.0,0.0,4870.0,0.1775,1722.0,0.0628,0.0,0.0,1736.0,0.0633,646.0,0.0236,0.0,0.0,645.0,0.0235,19955.0,0.7275,7462.0,0.272,27429.0,1.0,27429.0
Caulfield,Null,Null,9519.0,0.3247,9519.0,0.3247,8688.0,0.2963,1304.0,0.0445,9946.0,0.3393,3648.0,0.1244,348.0,0.0119,4048.0,0.1381,3482.0,0.1188,107.0,0.0036,3634.0,0.124,1317.0,0.0449,20.0,0.0007,1370.0,0.0467,560.0,0.0191,8.0,0.0003,599.0,0.0204,17698.0,0.6037,11449.0,0.3905,29317.0,1.0,29317.0
Clarinda,Null,Null,5243.0,0.2066,5243.0,0.2066,6979.0,0.2751,495.0,0.0195,7499.0,0.2956,4644.0,0.183,157.0,0.0062,4864.0,0.1917,4612.0,0.1818,91.0,0.0036,4719.0,0.186,1912.0,0.0754,27.0,0.0011,1973.0,0.0778,1024.0,0.0404,7.0,0.0003,1057.0,0.0417,19176.0,0.7558,6229.0,0.2455,25372.0,1.0,25372.0
Cranbourne,Null,Null,4557.0,0.1672,4557.0,0.1672,6648.0,0.2439,479.0,0.0176,7130.0,0.2616,5100.0,0.1871,77.0,0.0028,5218.0,0.1914,5884.0,0.2158,15.0,0.0006,5930.0,0.2175,2556.0,0.0938,0.0,0.0,2585.0,0.0948,1707.0,0.0626,0.0,0.0,1722.0,0.0632,21960.0,0.8056,5252.0,0.1927,27260.0,1.0,27260.0
Croydon,Null,Null,7339.0,0.2588,7339.0,0.2588,8787.0,0.3099,527.0,0.0186,9289.0,0.3276,4583.0,0.1616,56.0,0.002,4689.0,0.1654,4582.0,0.1616,3.0,0.0001,4627.0,0.1632,1649.0,0.0582,5.0,0.0002,1668.0,0.0588,667.0,0.0235,0.0,0.0,676.0,0.0238,20294.0,0.7157,8023.0,0.2829,28355.0,1.0,28355.0
Dandenong,Null,Null,7263.0,0.2443,7263.0,0.2443,7409.0,0.2492,868.0,0.0292,8278.0,0.2784,4956.0,0.1667,393.0,0.0132,5453.0,0.1834,4308.0,0.1449,161.0,0.0054,4528.0,0.1523,2205.0,0.0742,58.0,0.002,2294.0,0.0772,1889.0,0.0635,12.0,0.0004,1949.0,0.0656,20774.0,0.6987,8954.0,0.3012,29731.0,1.0,29731.0
Eildon,Null,Null,6330.0,0.2583,6330.0,0.2583,8644.0,0.3528,450.0,0.0184,9117.0,0.3721,3317.0,0.1354,25.0,0.001,3367.0,0.1374,3375.0,0.1377,7.0,0.0003,3381.0,0.138,1543.0,0.063,0.0,0.0,1541.0,0.0629,659.0,0.0269,6.0,0.0002,666.0,0.0272,17503.0,0.7143,6941.0,0.2833,24502.0,1.0,24502.0
Eltham,Null,Null,4105.0,0.1775,4105.0,0.1775,7292.0,0.3153,160.0,0.0069,7506.0,0.3246,4090.0,0.1769,3.0,0.0001,4109.0,0.1777,5022.0,0.2172,0.0,0.0,5040.0,0.2179,1836.0,0.0794,0.0,0.0,1839.0,0.0795,482.0,0.0208,0.0,0.0,490.0,0.0212,18801.0,0.813,4350.0,0.1881,23126.0,1.0,23126.0
Essendon,Null,Null,9393.0,0.3286,9393.0,0.3286,8119.0,0.284,957.0,0.0335,9100.0,0.3183,3820.0,0.1336,288.0,0.0101,4172.0,0.1459,3980.0,0.1392,82.0,0.0029,4109.0,0.1437,1432.0,0.0501,7.0,0.0002,1466.0,0.0513,358.0,0.0125,0.0,0.0,378.0,0.0132,17758.0,0.6211,10863.0,0.38,28589.0,1.0,28589.0
Eureka,Null,Null,7085.0,0.2562,7085.0,0.2562,8897.0,0.3217,566.0,0.0205,9516.0,0.3441,4034.0,0.1459,94.0,0.0034,4152.0,0.1501,4155.0,0.1502,28.0,0.001,4199.0,0.1518,1867.0,0.0675,8.0,0.0003,1909.0,0.069,688.0,0.0249,0.0,0.0,692.0,0.025,19785.0,0.7153,7927.0,0.2866,27658.0,1.0,27658.0
Euroa,Null,Null,7859.0,0.3015,7859.0,0.3015,9500.0,0.3644,555.0,0.0213,10001.0,0.3837,3298.0,0.1265,36.0,0.0014,3316.0,0.1272,2826.0,0.1084,0.0,0.0,2841.0,0.109,1308.0,0.0502,0.0,0.0,1316.0,0.0505,573.0,0.022,5.0,0.0002,586.0,0.0225,17523.0,0.6722,8549.0,0.328,26067.0,1.0,26067.0
Evelyn,Null,Null,4623.0,0.1915,4623.0,0.1915,7592.0,0.3145,325.0,0.0135,7904.0,0.3274,4086.0,0.1693,16.0,0.0007,4141.0,0.1715,4697.0,0.1946,3.0,0.0001,4715.0,0.1953,1901.0,0.0787,0.0,0.0,1908.0,0.079,820.0,0.034,3.0,0.0001,827.0,0.0343,19072.0,0.79,5024.0,0.2081,24141.0,1.0,24141.0
Footscray,Null,Null,8787.0,0.3015,8787.0,0.3015,8504.0,0.2917,1340.0,0.046,9809.0,0.3365,4233.0,0.1452,519.0,0.0178,4855.0,0.1666,3940.0,0.1352,121.0,0.0042,4098.0,0.1406,1108.0,0.038,26.0,0.0009,1177.0,0.0404,389.0,0.0133,12.0,0.0004,408.0,0.014,18153.0,0.6228,11019.0,0.378,29149.0,1.0,29149.0
Frankston,Null,Null,8765.0,0.3224,8765.0,0.3224,8170.0,0.3005,750.0,0.0276,8887.0,0.3268,4067.0,0.1496,87.0,0.0032,4177.0,0.1536,3521.0,0.1295,11.0,0.0004,3542.0,0.1303,1258.0,0.0463,0.0,0.0,1262.0,0.0464,476.0,0.0175,0.0,0.0,485.0,0.0178,17536.0,0.6449,9754.0,0.3587,27190.0,1.0,27190.0
Geelong,Null,Null,9459.0,0.3252,9459.0,0.3252,8740.0,0.3005,792.0,0.0272,9635.0,0.3313,3847.0,0.1323,258.0,0.0089,4104.0,0.1411,3626.0,0.1247,89.0,0.0031,3723.0,0.128,1498.0,0.0515,7.0,0.0002,1530.0,0.0526,429.0,0.0147,0.0,0.0,462.0,0.0159,18332.0,0.6303,10773.0,0.3704,29086.0,1.0,29086.0
Gippsland East,Null,Null,7870.0,0.3083,7870.0,0.3083,9806.0,0.3841,435.0,0.017,10359.0,0.4057,2889.0,0.1132,42.0,0.0016,2939.0,0.1151,2608.0,0.1022,9.0,0.0004,2632.0,0.1031,1257.0,0.0492,0.0,0.0,1260.0,0.0494,487.0,0.0191,0.0,0.0,509.0,0.0199,17122.0,0.6706,8422.0,0.3299,25531.0,1.0,25531.0
Gippsland South,Null,Null,7746.0,0.3031,7746.0,0.3031,9312.0,0.3643,449.0,0.0176,9853.0,0.3855,3139.0,0.1228,23.0,0.0009,3208.0,0.1255,2786.0,0.109,0.0,0.0,2783.0,0.1089,1466.0,0.0574,0.0,0.0,1476.0,0.0577,607.0,0.0237,0.0,0.0,603.0,0.0236,17272.0,0.6757,8305.0,0.3249,25560.0,1.0,25560.0
Glen Waverley,Null,Null,5314.0,0.1877,5314.0,0.1877,8265.0,0.292,366.0,0.0129,8614.0,0.3043,5059.0,0.1787,159.0,0.0056,5273.0,0.1863,6080.0,0.2148,60.0,0.0021,6223.0,0.2199,2041.0,0.0721,21.0,0.0007,2094.0,0.074,848.0,0.03,12.0,0.0004,910.0,0.0321,22226.0,0.7852,6132.0,0.2166,28305.0,1.0,28305.0
Greenvale,Null,Null,2841.0,0.1281,2841.0,0.1281,5115.0,0.2306,217.0,0.0098,5419.0,0.2443,4145.0,0.1868,34.0,0.0015,4241.0,0.1912,4914.0,0.2215,11.0,0.0005,4968.0,0.2239,2685.0,0.121,0.0,0.0,2696.0,0.1215,2089.0,0.0942,0.0,0.0,2100.0,0.0947,18984.0,0.8558,3246.0,0.1463,22184.0,1.0,22184.0
Hastings,Null,Null,6123.0,0.2504,6123.0,0.2504,7825.0,0.32,368.0,0.0151,8261.0,0.3379,3831.0,0.1567,7.0,0.0003,3868.0,0.1582,3958.0,0.1619,0.0,0.0,3961.0,0.162,1599.0,0.0654,0.0,0.0,1605.0,0.0656,637.0,0.0261,0.0,0.0,640.0,0.0262,17877.0,0.7311,6555.0,0.2681,24451.0,1.0,24451.0
Hawthorn,Null,Null,8680.0,0.3081,8680.0,0.3081,8507.0,0.302,1040.0,0.0369,9554.0,0.3391,3488.0,0.1238,284.0,0.0101,3776.0,0.134,4161.0,0.1477,61.0,0.0022,4263.0,0.1513,1517.0,0.0538,11.0,0.0004,1579.0,0.056,352.0,0.0125,8.0,0.0003,379.0,0.0135,17947.0,0.637,10251.0,0.3639,28173.0,1.0,28173.0
Ivanhoe,Null,Null,6871.0,0.2714,6871.0,0.2714,7587.0,0.2997,578.0,0.0228,8192.0,0.3236,3894.0,0.1538,159.0,0.0063,4129.0,0.1631,4200.0,0.1659,59.0,0.0023,4268.0,0.1686,1354.0,0.0535,8.0,0.0003,1360.0,0.0537,416.0,0.0164,0.0,0.0,429.0,0.0169,17486.0,0.6908,7784.0,0.3075,25313.0,1.0,25313.0
Kalkallo,Null,Null,3645.0,0.1297,3645.0,0.1297,5999.0,0.2135,389.0,0.0138,6432.0,0.2289,5714.0,0.2033,50.0,0.0018,5848.0,0.2081,6799.0,0.2419,26.0,0.0009,6826.0,0.2429,3142.0,0.1118,4.0,0.0001,3167.0,0.1127,2138.0,0.0761,4.0,0.0001,2143.0,0.0763,23848.0,0.8486,4228.0,0.1505,28102.0,1.0,28102.0
Kew,Null,Null,5999.0,0.226,5999.0,0.226,7581.0,0.2856,421.0,0.0159,8094.0,0.305,4397.0,0.1657,145.0,0.0055,4550.0,0.1714,5149.0,0.194,48.0,0.0018,5202.0,0.196,1930.0,0.0727,17.0,0.0006,1962.0,0.0739,619.0,0.0233,0.0,0.0,646.0,0.0243,19652.0,0.7404,6860.0,0.2585,26541.0,1.0,26541.0
Kororoit,Null,Null,3960.0,0.1536,3960.0,0.1536,5868.0,0.2276,324.0,0.0126,6272.0,0.2433,4974.0,0.1929,70.0,0.0027,5088.0,0.1974,5945.0,0.2306,31.0,0.0012,6023.0,0.2336,2635.0,0.1022,0.0,0.0,2693.0,0.1045,1816.0,0.0704,0.0,0.0,1838.0,0.0713,21175.0,0.8214,4625.0,0.1794,25780.0,1.0,25780.0
Lara,Null,Null,7525.0,0.2877,7525.0,0.2877,7812.0,0.2986,636.0,0.0243,8498.0,0.3248,4160.0,0.159,122.0,0.0047,4331.0,0.1656,3495.0,0.1336,29.0,0.0011,3553.0,0.1358,1489.0,0.0569,4.0,0.0002,1515.0,0.0579,812.0,0.031,0.0,0.0,799.0,0.0305,17680.0,0.6758,8394.0,0.3209,26160.0,1.0,26160.0
Laverton,Null,Null,5713.0,0.1921,5713.0,0.1921,6871.0,0.231,865.0,0.0291,7750.0,0.2606,5819.0,0.1956,327.0,0.011,6133.0,0.2062,5520.0,0.1856,210.0,0.0071,5824.0,0.1958,2394.0,0.0805,70.0,0.0024,2513.0,0.0845,1787.0,0.0601,52.0,0.0017,1879.0,0.0632,22303.0,0.7499,7442.0,0.2502,29743.0,1.0,29743.0
Lowan,Null,Null,9314.0,0.3335,9314.0,0.3335,9691.0,0.3469,500.0,0.0179,10323.0,0.3696,3336.0,0.1194,36.0,0.0013,3402.0,0.1218,2794.0,0.1,4.0,0.0001,2823.0,0.1011,1427.0,0.0511,0.0,0.0,1438.0,0.0515,530.0,0.019,0.0,0.0,536.0,0.0192,17905.0,0.641,10009.0,0.3583,27932.0,1.0,27932.0
Macedon,Null,Null,5241.0,0.2246,5241.0,0.2246,8214.0,0.3519,344.0,0.0147,8612.0,0.369,3342.0,0.1432,13.0,0.0006,3403.0,0.1458,3883.0,0.1664,0.0,0.0,3886.0,0.1665,1581.0,0.0677,3.0,0.0001,1597.0,0.0684,557.0,0.0239,0.0,0.0,565.0,0.0242,17650.0,0.7562,5675.0,0.2431,23340.0,1.0,23340.0
Malvern,Null,Null,8522.0,0.3241,8522.0,0.3241,8022.0,0.3051,890.0,0.0338,8907.0,0.3388,3185.0,0.1211,277.0,0.0105,3491.0,0.1328,3503.0,0.1332,65.0,0.0025,3582.0,0.1362,1330.0,0.0506,12.0,0.0005,1369.0,0.0521,224.0,0.0085,4.0,0.0002,231.0,0.0088,16369.0,0.6226,9929.0,0.3776,26293.0,1.0,26293.0
Melbourne,Null,Null,23638.0,0.4318,23638.0,0.4318,15665.0,0.2861,5554.0,0.1014,21168.0,0.3867,4392.0,0.0802,1555.0,0.0284,5947.0,0.1086,2274.0,0.0415,564.0,0.0103,2867.0,0.0524,451.0,0.0082,126.0,0.0023,627.0,0.0115,203.0,0.0037,38.0,0.0007,267.0,0.0049,23045.0,0.4209,31696.0,0.579,54747.0,1.0,54747.0
Melton,Null,Null,5393.0,0.2023,5393.0,0.2023,6906.0,0.259,499.0,0.0187,7486.0,0.2808,4872.0,0.1828,47.0,0.0018,4941.0,0.1853,4772.0,0.179,0.0,0.0,4783.0,0.1794,2345.0,0.088,0.0,0.0,2355.0,0.0883,1706.0,0.064,0.0,0.0,1716.0,0.0644,20616.0,0.7733,6045.0,0.2268,26659.0,1.0,26659.0
Mildura,Null,Null,7620.0,0.2934,7620.0,0.2934,8577.0,0.3303,581.0,0.0224,9117.0,0.3511,3413.0,0.1314,109.0,0.0042,3526.0,0.1358,3080.0,0.1186,36.0,0.0014,3135.0,0.1207,1567.0,0.0603,7.0,0.0003,1596.0,0.0615,840.0,0.0323,22.0,0.0008,905.0,0.0349,17436.0,0.6714,8577.0,0.3303,25968.0,1.0,25968.0
Mill Park,Null,Null,3970.0,0.1747,3970.0,0.1747,6007.0,0.2644,348.0,0.0153,6443.0,0.2836,4359.0,0.1918,47.0,0.0021,4445.0,0.1956,4870.0,0.2143,14.0,0.0006,4907.0,0.216,1950.0,0.0858,0.0,0.0,1968.0,0.0866,891.0,0.0392,4.0,0.0002,905.0,0.0398,18183.0,0.8002,4503.0,0.1982,22722.0,1.0,22722.0
Monbulk,Null,Null,4679.0,0.2007,4679.0,0.2007,7451.0,0.3197,362.0,0.0155,7874.0,0.3378,3930.0,0.1686,30.0,0.0013,4028.0,0.1728,4430.0,0.1901,0.0,0.0,4460.0,0.1913,1688.0,0.0724,0.0,0.0,1693.0,0.0726,623.0,0.0267,0.0,0.0,629.0,0.027,18096.0,0.7764,5214.0,0.2237,23309.0,1.0,23309.0
Mordialloc,Null,Null,6092.0,0.2336,6092.0,0.2336,7224.0,0.277,355.0,0.0136,7610.0,0.2917,4416.0,0.1693,38.0,0.0015,4499.0,0.1725,5364.0,0.2056,3.0,0.0001,5388.0,0.2066,1891.0,0.0725,0.0,0.0,1920.0,0.0736,575.0,0.022,0.0,0.0,574.0,0.022,19512.0,0.748,6635.0,0.2544,26084.0,1.0,26084.0
Mornington,Null,Null,5917.0,0.2451,5917.0,0.2451,8229.0,0.3409,226.0,0.0094,8520.0,0.353,3350.0,0.1388,18.0,0.0007,3383.0,0.1402,4142.0,0.1716,0.0,0.0,4165.0,0.1725,1688.0,0.0699,0.0,0.0,1689.0,0.07,444.0,0.0184,0.0,0.0,444.0,0.0184,17922.0,0.7425,6224.0,0.2579,24138.0,1.0,24138.0
Morwell,Null,Null,9341.0,0.3271,9341.0,0.3271,9215.0,0.3226,682.0,0.0239,9911.0,0.347,3779.0,0.1323,15.0,0.0005,3841.0,0.1345,3402.0,0.1191,0.0,0.0,3421.0,0.1198,1364.0,0.0478,0.0,0.0,1372.0,0.048,634.0,0.0222,0.0,0.0,653.0,0.0229,18431.0,0.6453,10065.0,0.3524,28561.0,1.0,28561.0
Mulgrave,Null,Null,5870.0,0.2214,5870.0,0.2214,7334.0,0.2766,612.0,0.0231,8009.0,0.3021,4619.0,0.1742,197.0,0.0074,4908.0,0.1851,4438.0,0.1674,112.0,0.0042,4630.0,0.1746,1846.0,0.0696,55.0,0.0021,1915.0,0.0722,1129.0,0.0426,18.0,0.0007,1180.0,0.0445,19440.0,0.7333,7086.0,0.2673,26512.0,1.0,26512.0
Murray Plains,Null,Null,7474.0,0.2977,7474.0,0.2977,8914.0,0.3551,483.0,0.0192,9465.0,0.3771,3130.0,0.1247,39.0,0.0016,3236.0,0.1289,2805.0,0.1117,6.0,0.0002,2811.0,0.112,1471.0,0.0586,0.0,0.0,1468.0,0.0585,672.0,0.0268,0.0,0.0,670.0,0.0267,16971.0,0.6761,8136.0,0.3241,25102.0,1.0,25102.0
Narracan,Null,Null,6168.0,0.2478,6168.0,0.2478,8663.0,0.348,334.0,0.0134,9109.0,0.3659,3549.0,0.1426,6.0,0.0002,3586.0,0.1441,3541.0,0.1422,3.0,0.0001,3574.0,0.1436,1680.0,0.0675,9.0,0.0004,1688.0,0.0678,814.0,0.0327,0.0,0.0,809.0,0.0325,18269.0,0.7339,6616.0,0.2658,24893.0,1.0,24893.0
Narre Warren North,Null,Null,4422.0,0.1728,4422.0,0.1728,7201.0,0.2815,412.0,0.0161,7689.0,0.3006,4765.0,0.1863,57.0,0.0022,4869.0,0.1903,4872.0,0.1904,32.0,0.0013,4911.0,0.192,2171.0,0.0849,3.0,0.0001,2187.0,0.0855,1438.0,0.0562,0.0,0.0,1444.0,0.0564,20401.0,0.7974,5142.0,0.201,25583.0,1.0,25583.0
Narre Warren South,Null,Null,3361.0,0.1282,3361.0,0.1282,5718.0,0.2181,343.0,0.0131,6051.0,0.2308,5136.0,0.1959,62.0,0.0024,5257.0,0.2005,6097.0,0.2326,17.0,0.0006,6160.0,0.235,2919.0,0.1114,0.0,0.0,2939.0,0.1121,2337.0,0.0892,0.0,0.0,2341.0,0.0893,22239.0,0.8484,3956.0,0.1509,26214.0,1.0,26214.0
Nepean,Null,Null,7734.0,0.3082,7734.0,0.3082,9769.0,0.3892,469.0,0.0187,10260.0,0.4088,2968.0,0.1183,31.0,0.0012,3034.0,0.1209,2612.0,0.1041,4.0,0.0002,2635.0,0.105,989.0,0.0394,0.0,0.0,998.0,0.0398,324.0,0.0129,0.0,0.0,327.0,0.013,16748.0,0.6673,8289.0,0.3303,25098.0,1.0,25098.0
Niddrie,Null,Null,5845.0,0.2294,5845.0,0.2294,7829.0,0.3073,418.0,0.0164,8170.0,0.3207,4359.0,0.1711,26.0,0.001,4466.0,0.1753,4745.0,0.1862,3.0,0.0001,4771.0,0.1873,1620.0,0.0636,0.0,0.0,1638.0,0.0643,522.0,0.0205,0.0,0.0,534.0,0.021,19111.0,0.7501,6326.0,0.2483,25477.0,1.0,25477.0
Northcote,Null,Null,8919.0,0.3211,8919.0,0.3211,7772.0,0.2798,1114.0,0.0401,8852.0,0.3186,3749.0,0.135,662.0,0.0238,4445.0,0.16,3837.0,0.1381,215.0,0.0077,4171.0,0.1501,1075.0,0.0387,33.0,0.0012,1130.0,0.0407,230.0,0.0083,0.0,0.0,249.0,0.009,16672.0,0.6001,11070.0,0.3985,27780.0,1.0,27780.0
Oakleigh,Null,Null,9516.0,0.2783,9516.0,0.2783,9654.0,0.2823,1475.0,0.0431,11124.0,0.3253,5227.0,0.1528,642.0,0.0188,5935.0,0.1735,4898.0,0.1432,369.0,0.0108,5340.0,0.1561,1474.0,0.0431,129.0,0.0038,1609.0,0.047,482.0,0.0141,77.0,0.0023,571.0,0.0167,21681.0,0.634,12469.0,0.3646,34198.0,1.0,34198.0
Ovens Valley,Null,Null,7497.0,0.3016,7497.0,0.3016,9249.0,0.3721,446.0,0.0179,9681.0,0.3895,2856.0,0.1149,28.0,0.0011,2924.0,0.1176,2743.0,0.1104,7.0,0.0003,2753.0,0.1108,1386.0,0.0558,0.0,0.0,1400.0,0.0563,522.0,0.021,5.0,0.0002,535.0,0.0215,16827.0,0.677,8079.0,0.325,24857.0,1.0,24857.0
Pakenham,Null,Null,5172.0,0.2001,5172.0,0.2001,7081.0,0.274,487.0,0.0188,7652.0,0.2961,4604.0,0.1782,42.0,0.0016,4708.0,0.1822,4931.0,0.1908,14.0,0.0005,4980.0,0.1927,2100.0,0.0813,0.0,0.0,2105.0,0.0815,1275.0,0.0493,0.0,0.0,1281.0,0.0496,20012.0,0.7744,5891.0,0.228,25841.0,1.0,25841.0
Pascoe Vale,Null,Null,7420.0,0.2757,7420.0,0.2757,7639.0,0.2839,988.0,0.0367,8704.0,0.3234,4108.0,0.1527,489.0,0.0182,4629.0,0.172,4312.0,0.1602,173.0,0.0064,4487.0,0.1667,1181.0,0.0439,38.0,0.0014,1240.0,0.0461,388.0,0.0144,5.0,0.0002,406.0,0.0151,17636.0,0.6554,9224.0,0.3428,26910.0,1.0,26910.0
Point Cook,Null,Null,4722.0,0.1578,4722.0,0.1578,7177.0,0.2399,520.0,0.0174,7684.0,0.2569,6312.0,0.211,91.0,0.003,6482.0,0.2167,7274.0,0.2431,30.0,0.001,7377.0,0.2466,2421.0,0.0809,17.0,0.0006,2466.0,0.0824,1204.0,0.0402,3.0,0.0001,1199.0,0.0401,24390.0,0.8153,5494.0,0.1836,29916.0,1.0,29916.0
Polwarth,Null,Null,7086.0,0.2697,7086.0,0.2697,9094.0,0.3462,557.0,0.0212,9691.0,0.3689,3331.0,0.1268,79.0,0.003,3498.0,0.1332,3663.0,0.1394,38.0,0.0014,3715.0,0.1414,1685.0,0.0641,7.0,0.0003,1697.0,0.0646,568.0,0.0216,4.0,0.0002,572.0,0.0218,18449.0,0.7023,7834.0,0.2982,26271.0,1.0,26271.0
Prahran,Null,Null,17698.0,0.4739,17698.0,0.4739,11545.0,0.3091,2429.0,0.065,14025.0,0.3756,2781.0,0.0745,699.0,0.0187,3478.0,0.0931,1544.0,0.0413,112.0,0.003,1672.0,0.0448,321.0,0.0086,5.0,0.0001,352.0,0.0094,72.0,0.0019,5.0,0.0001,71.0,0.0019,16325.0,0.4371,21091.0,0.5648,37345.0,1.0,37345.0
Preston,Null,Null,8820.0,0.3006,8820.0,0.3006,8502.0,0.2897,1170.0,0.0399,9606.0,0.3273,4370.0,0.1489,392.0,0.0134,4769.0,0.1625,3915.0,0.1334,151.0,0.0051,4058.0,0.1383,1275.0,0.0434,21.0,0.0007,1341.0,0.0457,613.0,0.0209,15.0,0.0005,637.0,0.0217,18713.0,0.6377,10659.0,0.3632,29346.0,1.0,29346.0
Richmond,Null,Null,11911.0,0.3832,11911.0,0.3832,9757.0,0.3139,2009.0,0.0646,11736.0,0.3776,3040.0,0.0978,1114.0,0.0358,4137.0,0.1331,2095.0,0.0674,344.0,0.0111,2441.0,0.0785,559.0,0.018,26.0,0.0008,622.0,0.02,165.0,0.0053,6.0,0.0002,179.0,0.0058,15611.0,0.5023,15446.0,0.497,31081.0,1.0,31081.0
Ringwood,Null,Null,8118.0,0.2673,8118.0,0.2673,8718.0,0.2871,738.0,0.0243,9518.0,0.3134,5002.0,0.1647,127.0,0.0042,5190.0,0.1709,5127.0,0.1688,42.0,0.0014,5200.0,0.1712,1835.0,0.0604,7.0,0.0002,1877.0,0.0618,582.0,0.0192,4.0,0.0001,585.0,0.0193,21231.0,0.6991,9162.0,0.3017,30367.0,1.0,30367.0
Ripon,Null,Null,7941.0,0.299,7941.0,0.299,9291.0,0.3498,474.0,0.0178,9814.0,0.3695,3233.0,0.1217,16.0,0.0006,3308.0,0.1246,3220.0,0.1212,6.0,0.0002,3241.0,0.122,1495.0,0.0563,3.0,0.0001,1498.0,0.0564,693.0,0.0261,6.0,0.0002,699.0,0.0263,17967.0,0.6765,8630.0,0.3249,26559.0,1.0,26559.0
Rowville,Null,Null,4071.0,0.1669,4071.0,0.1669,7088.0,0.2906,280.0,0.0115,7400.0,0.3034,4723.0,0.1937,31.0,0.0013,4775.0,0.1958,5390.0,0.221,4.0,0.0002,5422.0,0.2223,1944.0,0.0797,0.0,0.0,1954.0,0.0801,727.0,0.0298,0.0,0.0,726.0,0.0298,19863.0,0.8145,4487.0,0.184,24388.0,1.0,24388.0
Sandringham,Null,Null,7038.0,0.2831,7038.0,0.2831,7923.0,0.3187,355.0,0.0143,8269.0,0.3326,3548.0,0.1427,33.0,0.0013,3613.0,0.1453,4176.0,0.168,9.0,0.0004,4193.0,0.1687,1452.0,0.0584,0.0,0.0,1447.0,0.0582,233.0,0.0094,0.0,0.0,233.0,0.0094,17359.0,0.6983,7506.0,0.3019,24859.0,1.0,24859.0
Shepparton,Null,Null,7816.0,0.2861,7816.0,0.2861,8663.0,0.3171,567.0,0.0208,9247.0,0.3385,3746.0,0.1371,124.0,0.0045,3880.0,0.142,3620.0,0.1325,12.0,0.0004,3662.0,0.134,1700.0,0.0622,7.0,0.0003,1729.0,0.0633,985.0,0.0361,11.0,0.0004,1023.0,0.0374,18669.0,0.6833,8659.0,0.3169,27320.0,1.0,27320.0
South Barwon,Null,Null,5857.0,0.225,5857.0,0.225,8077.0,0.3103,565.0,0.0217,8671.0,0.3331,4038.0,0.1551,251.0,0.0096,4334.0,0.1665,4495.0,0.1727,144.0,0.0055,4740.0,0.1821,1690.0,0.0649,55.0,0.0021,1767.0,0.0679,572.0,0.022,21.0,0.0008,624.0,0.024,19007.0,0.7302,7050.0,0.2709,26029.0,1.0,26029.0
South-West Coast,Null,Null,7927.0,0.2904,7927.0,0.2904,9611.0,0.3521,559.0,0.0205,10105.0,0.3702,3594.0,0.1317,82.0,0.003,3699.0,0.1355,3342.0,0.1224,23.0,0.0008,3380.0,0.1238,1507.0,0.0552,4.0,0.0001,1520.0,0.0557,540.0,0.0198,0.0,0.0,552.0,0.0202,18623.0,0.6822,8697.0,0.3186,27297.0,1.0,27297.0
St Albans,Null,Null,5047.0,0.2105,5047.0,0.2105,6218.0,0.2594,522.0,0.0218,6709.0,0.2799,4145.0,0.1729,207.0,0.0086,4419.0,0.1843,4022.0,0.1678,94.0,0.0039,4187.0,0.1747,1879.0,0.0784,34.0,0.0014,1947.0,0.0812,1550.0,0.0647,0.0,0.0,1566.0,0.0653,17865.0,0.7452,6101.0,0.2545,23972.0,1.0,23972.0
Sunbury,Null,Null,5430.0,0.2326,5430.0,0.2326,7266.0,0.3113,411.0,0.0176,7725.0,0.3309,4095.0,0.1754,32.0,0.0014,4166.0,0.1785,3897.0,0.167,5.0,0.0002,3916.0,0.1678,1548.0,0.0663,0.0,0.0,1560.0,0.0668,586.0,0.0251,0.0,0.0,595.0,0.0255,17379.0,0.7445,5912.0,0.2533,23342.0,1.0,23342.0
Sydenham,Null,Null,3316.0,0.1387,3316.0,0.1387,5565.0,0.2327,210.0,0.0088,5846.0,0.2445,4764.0,0.1992,16.0,0.0007,4779.0,0.1999,6112.0,0.2556,7.0,0.0003,6111.0,0.2556,2562.0,0.1071,0.0,0.0,2578.0,0.1078,1200.0,0.0502,0.0,0.0,1196.0,0.05,20248.0,0.8468,3648.0,0.1526,23912.0,1.0,23912.0
Tarneit,Null,Null,4201.0,0.15,4201.0,0.15,6224.0,0.2222,451.0,0.0161,6718.0,0.2398,5669.0,0.2023,118.0,0.0042,5858.0,0.2091,6380.0,0.2277,66.0,0.0024,6501.0,0.232,2646.0,0.0944,20.0,0.0007,2720.0,0.0971,2070.0,0.0739,7.0,0.0002,2091.0,0.0746,22941.0,0.8189,5037.0,0.1798,28016.0,1.0,28016.0
Thomastown,Null,Null,5064.0,0.1965,5064.0,0.1965,6748.0,0.2618,402.0,0.0156,7242.0,0.2809,4707.0,0.1826,126.0,0.0049,4890.0,0.1897,4867.0,0.1888,38.0,0.0015,4949.0,0.192,2216.0,0.086,14.0,0.0005,2242.0,0.087,1376.0,0.0534,12.0,0.0005,1418.0,0.055,20000.0,0.7759,5781.0,0.2243,25777.0,1.0,25777.0
Warrandyte,Null,Null,4270.0,0.1702,4270.0,0.1702,7583.0,0.3022,215.0,0.0086,7817.0,0.3115,4459.0,0.1777,31.0,0.0012,4520.0,0.1801,5526.0,0.2202,7.0,0.0003,5538.0,0.2207,2102.0,0.0838,0.0,0.0,2125.0,0.0847,738.0,0.0294,0.0,0.0,738.0,0.0294,20368.0,0.8117,4660.0,0.1857,25092.0,1.0,25092.0
Wendouree,Null,Null,9045.0,0.3272,9045.0,0.3272,8566.0,0.3098,777.0,0.0281,9351.0,0.3382,3764.0,0.1361,164.0,0.0059,3925.0,0.142,3290.0,0.119,28.0,0.001,3336.0,0.1207,1412.0,0.0511,0.0,0.0,1418.0,0.0513,481.0,0.0174,4.0,0.0001,491.0,0.0178,17542.0,0.6345,10070.0,0.3642,27646.0,1.0,27646.0
Werribee,Null,Null,5741.0,0.2037,5741.0,0.2037,7365.0,0.2613,664.0,0.0236,8032.0,0.285,5578.0,0.1979,73.0,0.0026,5711.0,0.2026,5265.0,0.1868,27.0,0.001,5304.0,0.1882,2094.0,0.0743,0.0,0.0,2113.0,0.075,1314.0,0.0466,0.0,0.0,1322.0,0.0469,21598.0,0.7663,6610.0,0.2345,28184.0,1.0,28184.0
Williamstown,Null,Null,6790.0,0.2687,6790.0,0.2687,7663.0,0.3032,518.0,0.0205,8260.0,0.3268,4022.0,0.1591,67.0,0.0027,4102.0,0.1623,4279.0,0.1693,15.0,0.0006,4335.0,0.1715,1354.0,0.0536,0.0,0.0,1372.0,0.0543,416.0,0.0165,0.0,0.0,430.0,0.017,17770.0,0.7031,7413.0,0.2933,25272.0,1.0,25272.0
Yan Yean,Null,Null,3490.0,0.1496,3490.0,0.1496,6097.0,0.2613,252.0,0.0108,6375.0,0.2732,4486.0,0.1922,0.0,0.0,4505.0,0.193,5521.0,0.2366,0.0,0.0,5535.0,0.2372,2385.0,0.1022,0.0,0.0,2395.0,0.1026,964.0,0.0413,0.0,0.0,972.0,0.0417,19398.0,0.8312,3868.0,0.1658,23336.0,1.0,23336.0
